Marion,Dominici,mdominici0@163.com,Male,77
Daryle,Ianiello,dianiello1@sun.com,Male,64
Allison,Bugbird,abugbird2@ihg.com,Female,29
Pamella,Guilloud,pguilloud3@yahoo.co.jp,Female,88
Codi,Sonnenschein,csonnenschein4@oracle.com,Female,53
Imogene,Veall,iveall5@redcross.org,Female,40
Brent,Thorns,bthorns6@auda.org.au,Male,73
Daveen,Surgeoner,dsurgeoner7@over-blog.com,Female,85
Ogdan,Boteman,oboteman8@elegantthemes.com,Male,83
Caty,Findlay,cfindlay9@time.com,Female,24
Renault,Cracknall,rcracknalla@wufoo.com,Male,31
Saxon,Garioch,sgariochb@blinklist.com,Male,31
Drud,McCurtin,dmccurtinc@hibu.com,Male,56
Anderea,Piwell,apiwelld@wordpress.com,Female,16
Branden,Tetsall,btetsalle@desdev.cn,Male,56
Winfield,Roscoe,wroscoef@hatena.ne.jp,Male,93
Avie,Ghidoli,aghidolig@zdnet.com,Female,53
Alfie,Corke,acorkeh@wunderground.com,Female,84
Roderick,Lansberry,rlansberryi@mozilla.com,Male,96
Hussein,Everton,hevertonj@wikia.com,Male,27
Teirtza,Stoner,tstonerk@ox.ac.uk,Female,76
Brendin,Waiting,bwaitingl@youku.com,Male,42
Mordecai,Devil,mdevilm@dropbox.com,Male,83
Angy,Brantl,abrantln@list-manage.com,Female,42
Alex,Elliot,aellioto@samsung.com,Male,36
Ingrim,Applegarth,iapplegarthp@princeton.edu,Male,19
Ailene,Adamsson,aadamssonq@creativecommons.org,Female,54
Belle,Berrie,bberrier@nationalgeographic.com,Female,38
Roxy,Baleine,rbaleines@gnu.org,Female,92
Rustin,Pottberry,rpottberryt@geocities.jp,Male,36
Pamella,Lambal,plambalu@skype.com,Female,65
Talia,Messer,tmesserv@taobao.com,Female,95
Husein,Beecheno,hbeechenow@ning.com,Male,67
Elbert,Boltwood,eboltwoodx@elegantthemes.com,Male,85
Paul,Tubble,ptubbley@soup.io,Male,57
Eben,Rozenbaum,erozenbaumz@psu.edu,Male,79
Pammy,Furst,pfurst10@barnesandnoble.com,Female,43
Davis,Hegel,dhegel11@indiegogo.com,Male,92
Yardley,Pattini,ypattini12@google.com,Male,55
Berte,Melmeth,bmelmeth13@state.tx.us,Female,89
Kassie,Winger,kwinger14@sfgate.com,Female,29
Anjela,Senior,asenior15@163.com,Female,26
Devland,Menendes,dmenendes16@seattletimes.com,Male,38
Josiah,Penk,jpenk17@mapquest.com,Male,79
Noland,Wolfendell,nwolfendell18@topsy.com,Male,42
Anatole,O'Neal,aoneal19@unc.edu,Male,19
Vonnie,Pull,vpull1a@wikia.com,Female,44
Lethia,Aston,laston1b@sourceforge.net,Female,57
Rozella,Piche,rpiche1c@hc360.com,Female,51
Lindsey,Jonin,ljonin1d@ustream.tv,Male,84
Tim,Le Fevre,tlefevre1e@google.nl,Male,68
Nial,Springett,nspringett1f@joomla.org,Male,85
Harmonie,McSporon,hmcsporon1g@infoseek.co.jp,Female,52
Salli,Isgar,sisgar1h@csmonitor.com,Female,66
Ede,McLese,emclese1i@imageshack.us,Female,21
Alina,Burgon,aburgon1j@hibu.com,Female,45
Ilario,Crosio,icrosio1k@sitemeter.com,Male,43
Jessey,Huyton,jhuyton1l@noaa.gov,Male,90
Luciano,Gallehawk,lgallehawk1m@livejournal.com,Male,46
Issiah,Fydo,ifydo1n@army.mil,Male,48
Dorelia,Snodin,dsnodin1o@ezinearticles.com,Female,76
Palmer,Calan,pcalan1p@mtv.com,Male,45
Dew,Samett,dsamett1q@ebay.com,Male,82
Hesther,Barbary,hbarbary1r@java.com,Female,71
Fayth,De Beneditti,fdebeneditti1s@twitter.com,Female,31
Quintana,Tuberfield,qtuberfield1t@shinystat.com,Female,53
Suzy,Mattocks,smattocks1u@nasa.gov,Female,23
Hadlee,Benedicte,hbenedicte1v@canalblog.com,Male,92
Clyve,Buckthorp,cbuckthorp1w@bandcamp.com,Male,46
Vern,Jenney,vjenney1x@reference.com,Male,25
Ajay,Pittson,apittson1y@dailymail.co.uk,Female,37
Maryanna,McElhargy,mmcelhargy1z@hostgator.com,Female,43
Trent,McGahey,tmcgahey20@europa.eu,Male,18
Fay,Dugdale,fdugdale21@psu.edu,Female,69
Coletta,Hoofe,choofe22@miibeian.gov.cn,Female,25
Molly,Stanyon,mstanyon23@amazon.co.jp,Female,55
Nickolai,Weerdenburg,nweerdenburg24@ucla.edu,Male,80
Raffarty,Wrassell,rwrassell25@usda.gov,Male,27
Hayden,Poulsum,hpoulsum26@myspace.com,Male,87
Tamara,Nanninini,tnanninini27@cdbaby.com,Female,88
Leonanie,Mathivon,lmathivon28@whitehouse.gov,Female,76
Kala,Roskell,kroskell29@histats.com,Female,60
Carilyn,Yitzhakof,cyitzhakof2a@infoseek.co.jp,Female,21
Tallou,Bakes,tbakes2b@domainmarket.com,Female,28
Nichols,Haulkham,nhaulkham2c@mayoclinic.com,Male,84
Kearney,Meriot,kmeriot2d@smugmug.com,Male,14
Boyd,Ladley,bladley2e@marriott.com,Male,27
Vinni,Bragge,vbragge2f@nyu.edu,Female,10
Amby,Dacey,adacey2g@discuz.net,Male,46
Tanney,Cumberledge,tcumberledge2h@mediafire.com,Male,96
Cristi,Trevan,ctrevan2i@ask.com,Female,49
Janie,Blumfield,jblumfield2j@narod.ru,Female,10
Mauricio,McInulty,mmcinulty2k@businessweek.com,Male,33
Milena,Fagan,mfagan2l@google.pl,Female,95
Camellia,Phipps,cphipps2m@ucoz.ru,Female,42
Daisie,Hubbuck,dhubbuck2n@fotki.com,Female,42
Jaye,Padden,jpadden2o@nsw.gov.au,Male,63
Brady,Middle,bmiddle2p@yahoo.co.jp,Male,86
Pansie,Janata,pjanata2q@godaddy.com,Female,46
Shelba,Geany,sgeany2r@constantcontact.com,Female,45
Isadore,Pflieger,ipflieger2s@yellowbook.com,Male,27
Boone,Velareal,bvelareal2t@meetup.com,Male,43
Alane,Heck,aheck2u@washingtonpost.com,Female,17
Emmit,Borrill,eborrill2v@artisteer.com,Male,31
Wilmette,Drane,wdrane2w@blogger.com,Female,93
Elwyn,Kordova,ekordova2x@xrea.com,Male,48
Bernhard,Bodicam,bbodicam2y@pbs.org,Male,69
Alix,MacAndrew,amacandrew2z@biglobe.ne.jp,Female,51
Neale,Lipscombe,nlipscombe30@bizjournals.com,Male,71
Emile,Hrishanok,ehrishanok31@google.nl,Male,50
Orly,Geyton,ogeyton32@discovery.com,Female,61
Parnell,Eva,peva33@deviantart.com,Male,33
Alisander,Leeves,aleeves34@shop-pro.jp,Male,43
Amble,Cartmer,acartmer35@free.fr,Male,33
Eyde,Di Pietro,edipietro36@yandex.ru,Female,73
Amitie,Tarling,atarling37@independent.co.uk,Female,68
Federica,Bangley,fbangley38@wix.com,Female,42
Lock,Fergie,lfergie39@auda.org.au,Male,97
Kitty,Vanyashin,kvanyashin3a@delicious.com,Female,57
Humberto,Rigard,hrigard3b@51.la,Male,38
Cordey,Georgeon,cgeorgeon3c@networksolutions.com,Female,45
Steffi,Hendrikse,shendrikse3d@upenn.edu,Female,91
Anatola,Dowley,adowley3e@bloomberg.com,Female,45
Fianna,Gerrietz,fgerrietz3f@google.es,Female,48
Noland,Eeles,neeles3g@gravatar.com,Male,91
Sibby,Paske,spaske3h@mail.ru,Female,85
Nevins,Pariss,npariss3i@huffingtonpost.com,Male,72
Dani,Titterton,dtitterton3j@shinystat.com,Female,57
Felita,Brecknell,fbrecknell3k@springer.com,Female,40
Sheelagh,Leon,sleon3l@hud.gov,Female,62
Oralla,Doulton,odoulton3m@squidoo.com,Female,84
Kennett,Pollastro,kpollastro3n@usgs.gov,Male,70
Georges,Thornham,gthornham3o@dropbox.com,Male,84
Sophi,Graybeal,sgraybeal3p@feedburner.com,Female,20
Ekaterina,Aldcorn,ealdcorn3q@furl.net,Female,73
Fremont,Frickey,ffrickey3r@dyndns.org,Male,35
Edeline,Brounfield,ebrounfield3s@nytimes.com,Female,55
Dorie,Verdy,dverdy3t@japanpost.jp,Male,100
Randie,Seden,rseden3u@bravesites.com,Female,59
Janeta,Eley,jeley3v@nature.com,Female,61
Paula,Lampet,plampet3w@earthlink.net,Female,12
Patricia,Abramin,pabramin3x@intel.com,Female,55
Quintin,O'Flaherty,qoflaherty3y@techcrunch.com,Male,99
Eleanore,Inkin,einkin3z@com.com,Female,17
Kean,Greatex,kgreatex40@cargocollective.com,Male,96
Susi,Plumbley,splumbley41@archive.org,Female,48
Tilly,Matisse,tmatisse42@feedburner.com,Female,53
Eadith,Mulderrig,emulderrig43@nps.gov,Female,64
Val,Cooch,vcooch44@senate.gov,Male,40
Salvatore,Domelow,sdomelow45@cocolog-nifty.com,Male,39
Blanca,Dixcee,bdixcee46@mozilla.org,Female,22
Dalila,Goldstein,dgoldstein47@illinois.edu,Female,20
Winnie,Dewick,wdewick48@redcross.org,Male,90
Doe,Dybald,ddybald49@squidoo.com,Female,52
Isidore,Hinsche,ihinsche4a@elegantthemes.com,Male,60
Melita,MacNelly,mmacnelly4b@utexas.edu,Female,34
Helen,Stollmeier,hstollmeier4c@cbsnews.com,Female,10
Germaine,Littefair,glittefair4d@vinaora.com,Female,63
Edward,Hansley,ehansley4e@nationalgeographic.com,Male,12
Horatio,Zoane,hzoane4f@amazon.co.jp,Male,71
Jeralee,Hannum,jhannum4g@pagesperso-orange.fr,Female,38
Milli,Boman,mboman4h@nifty.com,Female,74
Bride,de Amaya,bdeamaya4i@ftc.gov,Female,87
Barnabe,Stobie,bstobie4j@patch.com,Male,63
Inna,Ellar,iellar4k@wp.com,Female,60
Nickola,Muckle,nmuckle4l@nbcnews.com,Male,100
Linn,Arnoldi,larnoldi4m@tumblr.com,Female,23
Carmelina,Seamen,cseamen4n@oracle.com,Female,31
Loni,Reeman,lreeman4o@blogspot.com,Female,86
Vinni,Tremblett,vtremblett4p@reference.com,Female,33
Spence,Swanston,sswanston4q@amazonaws.com,Male,25
Bil,Odcroft,bodcroft4r@php.net,Male,56
Donnamarie,Carroll,dcarroll4s@mysql.com,Female,77
Chandra,Sealove,csealove4t@drupal.org,Female,65
Enoch,Leckie,eleckie4u@multiply.com,Male,71
Nike,Durning,ndurning4v@123-reg.co.uk,Female,60
Brantley,Pray,bpray4w@vistaprint.com,Male,84
Doretta,Gradon,dgradon4x@dmoz.org,Female,16
Fancy,Espadero,fespadero4y@purevolume.com,Female,73
Becca,Castiello,bcastiello4z@nsw.gov.au,Female,91
Amandy,Walster,awalster50@taobao.com,Female,83
Cindra,Gerb,cgerb51@engadget.com,Female,63
Deeanne,Rockwill,drockwill52@amazonaws.com,Female,61
Lemmie,Fogden,lfogden53@bbb.org,Male,51
Vicki,Philcox,vphilcox54@indiatimes.com,Female,78
Lazare,Taplow,ltaplow55@dropbox.com,Male,86
Tabina,Willmont,twillmont56@nps.gov,Female,28
Steffen,MacWhan,smacwhan57@wiley.com,Male,100
Collin,Etches,cetches58@fotki.com,Male,56
Emilee,Brussels,ebrussels59@disqus.com,Female,51
Vincents,Le Maitre,vlemaitre5a@miibeian.gov.cn,Male,21
Neddie,Harty,nharty5b@nps.gov,Male,60
Dante,Clementson,dclementson5c@mapquest.com,Male,17
Pall,Patchett,ppatchett5d@cargocollective.com,Male,95
Cesaro,Kierans,ckierans5e@noaa.gov,Male,91
Ernesta,Meriott,emeriott5f@behance.net,Female,10
Pierce,Thomsson,pthomsson5g@usatoday.com,Male,52
Holly-anne,Troman,htroman5h@desdev.cn,Female,48
Ayn,Jirus,ajirus5i@digg.com,Female,53
Vito,Hould,vhould5j@omniture.com,Male,70
Wilone,Broggini,wbroggini5k@blinklist.com,Female,26
Charlena,Kightly,ckightly5l@webeden.co.uk,Female,92
Jaimie,Nayshe,jnayshe5m@mediafire.com,Female,95
Bellina,Burlingame,bburlingame5n@nifty.com,Female,40
Erroll,Margaret,emargaret5o@cbc.ca,Male,42
Garrik,Disman,gdisman5p@usda.gov,Male,55
Keslie,Carman,kcarman5q@oaic.gov.au,Female,31
Daisy,Sextone,dsextone5r@mozilla.org,Female,80
Carmine,Claxton,cclaxton5s@msu.edu,Female,87
Hall,Markie,hmarkie5t@illinois.edu,Male,16
Kimmi,Mc Giffin,kmcgiffin5u@networksolutions.com,Female,30
Adriane,Muckart,amuckart5v@mozilla.com,Female,39
Grant,Abrahmovici,gabrahmovici5w@flavors.me,Male,67
Killy,Baldack,kbaldack5x@aol.com,Male,24
Ibrahim,Stidworthy,istidworthy5y@reddit.com,Male,35
Aharon,Billes,abilles5z@icio.us,Male,10
Lind,Chamney,lchamney60@google.com.hk,Female,46
Walsh,Megarry,wmegarry61@timesonline.co.uk,Male,78
Marieann,Haversham,mhaversham62@virginia.edu,Female,15
Marline,Giron,mgiron63@merriam-webster.com,Female,54
Alexio,Sanpere,asanpere64@sciencedirect.com,Male,76
Isacco,Dupey,idupey65@youtube.com,Male,34
Ruttger,Utterson,rutterson66@eepurl.com,Male,55
Vivi,Jerromes,vjerromes67@mtv.com,Female,58
Celestina,Sibylla,csibylla68@blogspot.com,Female,31
Mychal,Pedel,mpedel69@goo.gl,Male,33
Kellia,Orneles,korneles6a@etsy.com,Female,60
Amelina,Thursby,athursby6b@timesonline.co.uk,Female,63
Eldredge,Huckstepp,ehuckstepp6c@ovh.net,Male,46
Billie,Shaxby,bshaxby6d@yahoo.co.jp,Male,26
Brant,Gilkes,bgilkes6e@bravesites.com,Male,30
Caldwell,Scritch,cscritch6f@zimbio.com,Male,89
Nigel,Carnier,ncarnier6g@networkadvertising.org,Male,44
Myer,MacVaugh,mmacvaugh6h@google.ca,Male,39
Steffane,Duigenan,sduigenan6i@latimes.com,Female,71
Erv,Duthie,eduthie6j@google.ru,Male,42
Gwenora,Spini,gspini6k@theglobeandmail.com,Female,61
Reece,McNabb,rmcnabb6l@house.gov,Male,13
Alley,Feldstein,afeldstein6m@spotify.com,Male,21
Matti,Baglin,mbaglin6n@jiathis.com,Female,60
Willamina,Carden,wcarden6o@com.com,Female,31
Louise,Le Page,llepage6p@delicious.com,Female,90
Gregoire,Grieger,ggrieger6q@buzzfeed.com,Male,85
Rufus,Millam,rmillam6r@facebook.com,Male,82
Alissa,Rubin,arubin6s@tinyurl.com,Female,20
Lanni,Prevost,lprevost6t@plala.or.jp,Female,57
Kath,Causer,kcauser6u@vk.com,Female,23
Ellery,Alfuso,ealfuso6v@a8.net,Male,11
Ardys,Potkin,apotkin6w@foxnews.com,Female,50
Morganica,Kunzler,mkunzler6x@buzzfeed.com,Female,62
Wally,Tolan,wtolan6y@usnews.com,Female,64
Kassie,Petteford,kpetteford6z@chron.com,Female,85
Lilah,Pyer,lpyer70@hud.gov,Female,88
Kath,Spong,kspong71@google.com.au,Female,57
Grantham,Tetla,gtetla72@wikimedia.org,Male,36
Gar,Bungey,gbungey73@posterous.com,Male,80
Beltran,Spataro,bspataro74@nationalgeographic.com,Male,40
Jimmie,Laye,jlaye75@google.co.jp,Male,39
Catina,Szapiro,cszapiro76@washingtonpost.com,Female,22
Hugh,McAlinion,hmcalinion77@cam.ac.uk,Male,56
Samuel,Deex,sdeex78@goo.ne.jp,Male,86
Meta,Ewings,mewings79@123-reg.co.uk,Female,17
Riley,Fencott,rfencott7a@deliciousdays.com,Male,48
Aldous,Puckett,apuckett7b@icio.us,Male,69
Jerald,Schoroder,jschoroder7c@narod.ru,Male,34
Cam,McClaurie,cmcclaurie7d@reverbnation.com,Male,94
Kari,Ovenden,kovenden7e@rambler.ru,Female,72
Sharai,Josefowicz,sjosefowicz7f@webs.com,Female,60
Daron,Sunnex,dsunnex7g@jigsy.com,Male,90
Sacha,Bevan,sbevan7h@state.tx.us,Female,94
Martie,Dobing,mdobing7i@yelp.com,Male,40
Harmon,Bartolomeoni,hbartolomeoni7j@cmu.edu,Male,99
Reta,Russo,rrusso7k@rakuten.co.jp,Female,92
Kirk,Thebe,kthebe7l@ucoz.ru,Male,11
Constantine,Lymer,clymer7m@cdbaby.com,Male,47
Mommy,Matschek,mmatschek7n@house.gov,Female,96
Rab,Phidgin,rphidgin7o@craigslist.org,Male,92
Penn,Haryngton,pharyngton7p@prnewswire.com,Male,36
Errick,McCulley,emcculley7q@trellian.com,Male,59
Genovera,Dissman,gdissman7r@aboutads.info,Female,33
Winnie,Buffham,wbuffham7s@dion.ne.jp,Male,13
Shirley,Pfeffle,spfeffle7t@reference.com,Female,99
Killie,Cisneros,kcisneros7u@shutterfly.com,Male,35
Carolin,Guise,cguise7v@imgur.com,Female,39
Harley,Dorcey,hdorcey7w@businesswire.com,Male,38
Lennard,Sterre,lsterre7x@google.cn,Male,27
Asa,Meeke,ameeke7y@theglobeandmail.com,Male,45
Giff,Allsopp,gallsopp7z@com.com,Male,20
Dillie,Duckett,dduckett80@scribd.com,Male,47
Wilfrid,Reuss,wreuss81@discuz.net,Male,88
Dacie,Humbey,dhumbey82@discovery.com,Female,94
Yolanthe,Revance,yrevance83@desdev.cn,Female,16
Sinclair,Readshall,sreadshall84@spiegel.de,Male,66
Bobby,MacGruer,bmacgruer85@hexun.com,Male,41
Edan,Force,eforce86@bloomberg.com,Male,45
Burlie,Chaudhry,bchaudhry87@usa.gov,Male,67
Richmond,Duxbarry,rduxbarry88@shinystat.com,Male,30
Deloria,Girone,dgirone89@latimes.com,Female,44
Fremont,Tong,ftong8a@quantcast.com,Male,87
Blaire,Willas,bwillas8b@salon.com,Female,26
Herbie,Burgan,hburgan8c@squarespace.com,Male,51
Mommy,Gilffilland,mgilffilland8d@infoseek.co.jp,Female,55
Marcie,Adelsberg,madelsberg8e@google.ru,Female,37
Harland,Crasford,hcrasford8f@g.co,Male,96
Hale,Mitchley,hmitchley8g@army.mil,Male,57
Fernanda,Rouke,frouke8h@ucsd.edu,Female,60
Abbi,Brandoni,abrandoni8i@360.cn,Female,79
Barnard,Sonnenschein,bsonnenschein8j@youtube.com,Male,17
Ketti,Hartburn,khartburn8k@tinypic.com,Female,66
Eddie,Reavell,ereavell8l@edublogs.org,Female,62
Pinchas,Blondelle,pblondelle8m@mysql.com,Male,85
Guss,Yushkin,gyushkin8n@trellian.com,Male,66
Kikelia,de Mullett,kdemullett8o@discovery.com,Female,52
Augustus,Milner,amilner8p@wp.com,Male,60
Tymon,Tuffey,ttuffey8q@angelfire.com,Male,30
Maryjo,Benallack,mbenallack8r@geocities.jp,Female,71
Bert,Inglesant,binglesant8s@wp.com,Male,66
Grover,Shearmur,gshearmur8t@shareasale.com,Male,67
Gaultiero,Gilliatt,ggilliatt8u@dell.com,Male,84
Wakefield,Sculley,wsculley8v@europa.eu,Male,68
Celle,Lamprecht,clamprecht8w@auda.org.au,Female,36
Billy,Leifer,bleifer8x@miitbeian.gov.cn,Male,70
Genny,Kelso,gkelso8y@weather.com,Female,32
Fayth,Pedgrift,fpedgrift8z@google.fr,Female,41
Gretna,Houseago,ghouseago90@nps.gov,Female,40
Shurlocke,Hoyles,shoyles91@myspace.com,Male,81
Quill,Signoret,qsignoret92@japanpost.jp,Male,73
Maryl,Sappell,msappell93@blinklist.com,Female,34
Loree,Tunuy,ltunuy94@123-reg.co.uk,Female,46
Jerry,Pohlke,jpohlke95@marketwatch.com,Female,41
Sylvester,Benko,sbenko96@behance.net,Male,73
Halette,Tomaszczyk,htomaszczyk97@timesonline.co.uk,Female,82
Sheree,Culpan,sculpan98@wsj.com,Female,88
Trace,Croston,tcroston99@mail.ru,Male,74
Yance,McGarrell,ymcgarrell9a@nbcnews.com,Male,64
Christi,Petris,cpetris9b@comcast.net,Female,44
Evy,Glaze,eglaze9c@friendfeed.com,Female,28
Creighton,Watmore,cwatmore9d@telegraph.co.uk,Male,72
Georgie,Starling,gstarling9e@cdbaby.com,Male,13
Dalenna,Whitley,dwhitley9f@vistaprint.com,Female,87
Harriet,Eschalotte,heschalotte9g@canalblog.com,Female,31
Maureene,Nunnerley,mnunnerley9h@google.co.jp,Female,83
Jimmy,Dowsey,jdowsey9i@xrea.com,Male,33
Kelby,Coleyshaw,kcoleyshaw9j@spiegel.de,Male,22
Allis,Mason,amason9k@wikia.com,Female,34
Shina,Pashen,spashen9l@cyberchimps.com,Female,76
Kory,Cawthorne,kcawthorne9m@themeforest.net,Male,27
Barri,McGavigan,bmcgavigan9n@tinypic.com,Male,49
Malchy,Stringman,mstringman9o@ameblo.jp,Male,55
Chloris,Scrane,cscrane9p@baidu.com,Female,73
Robby,Keyzor,rkeyzor9q@facebook.com,Female,81
Kris,Andries,kandries9r@ow.ly,Female,88
Clarissa,Shaw,cshaw9s@howstuffworks.com,Female,67
Brant,Lyst,blyst9t@parallels.com,Male,65
Cordula,Heinish,cheinish9u@comcast.net,Female,44
Cacilia,Lorkings,clorkings9v@reference.com,Female,37
Breena,Gerold,bgerold9w@youtube.com,Female,53
Jermayne,Gordge,jgordge9x@businesswire.com,Male,84
Vinny,Bassford,vbassford9y@virginia.edu,Male,33
Pattin,Quant,pquant9z@1und1.de,Male,15
Leila,Cockshut,lcockshuta0@delicious.com,Female,89
Trisha,Abramson,tabramsona1@yandex.ru,Female,74
Barde,Sharphurst,bsharphursta2@msu.edu,Male,21
Ev,Standish,estandisha3@accuweather.com,Male,97
Lizette,Welfair,lwelfaira4@reuters.com,Female,25
Cornelius,Bettlestone,cbettlestonea5@deviantart.com,Male,30
Delaney,Ronayne,dronaynea6@wix.com,Male,59
Farr,Aslam,faslama7@chronoengine.com,Male,15
Mariska,Tebb,mtebba8@smh.com.au,Female,61
Basilius,Nickols,bnickolsa9@adobe.com,Male,81
Alain,Meadowcroft,ameadowcroftaa@cargocollective.com,Male,91
Cathrine,Sterling,csterlingab@wix.com,Female,18
Margi,Headland,mheadlandac@creativecommons.org,Female,21
Tyler,Jennaway,tjennawayad@fc2.com,Male,23
Olwen,Casham,ocashamae@shutterfly.com,Female,63
Rachel,Faiers,rfaiersaf@hp.com,Female,16
Gregoor,Ledgister,gledgisterag@ifeng.com,Male,97
Cammy,Alliban,callibanah@myspace.com,Female,29
Paulita,Hylton,phyltonai@gnu.org,Female,78
Brande,Southon,bsouthonaj@ning.com,Female,41
Eleonora,Bramwich,ebramwichak@stanford.edu,Female,81
Broddie,Slaney,bslaneyal@biglobe.ne.jp,Male,82
Vida,Croster,vcrosteram@hubpages.com,Female,51
Maegan,Ruane,mruanean@geocities.com,Female,41
Jean,MacIlwrick,jmacilwrickao@google.it,Male,20
Aldus,Quick,aquickap@jigsy.com,Male,58
Guthrie,Beney,gbeneyaq@noaa.gov,Male,38
Tilda,Muscat,tmuscatar@cam.ac.uk,Female,87
Sandie,Garr,sgarras@google.co.uk,Female,43
Avie,Fetterplace,afetterplaceat@mozilla.org,Female,75
Sayre,Pipes,spipesau@webs.com,Male,81
Todd,Stelfox,tstelfoxav@sciencedaily.com,Male,39
Clemmie,Schusterl,cschusterlaw@google.com.au,Female,14
Waiter,Byrnes,wbyrnesax@prweb.com,Male,53
Salvidor,Antoniou,santoniouay@accuweather.com,Male,35
Sinclair,Harbach,sharbachaz@zimbio.com,Male,94
Cass,Mepsted,cmepstedb0@devhub.com,Male,40
Sloan,Begwell,sbegwellb1@huffingtonpost.com,Male,92
Rebeca,Uvedale,ruvedaleb2@twitter.com,Female,99
Dyane,Paladini,dpaladinib3@earthlink.net,Female,86
Berna,MacGarvey,bmacgarveyb4@flickr.com,Female,94
Martina,Varran,mvarranb5@yellowpages.com,Female,75
Case,Showte,cshowteb6@slideshare.net,Male,34
Kylen,Bangle,kbangleb7@boston.com,Female,93
Randall,Esslement,resslementb8@nps.gov,Male,78
Elysee,Bratty,ebrattyb9@spotify.com,Female,56
Jayne,Wehden,jwehdenba@1und1.de,Female,63
Orlando,Pauleit,opauleitbb@paypal.com,Male,20
Annis,Jessel,ajesselbc@mashable.com,Female,79
Orelee,Donahue,odonahuebd@miitbeian.gov.cn,Female,83
Nate,Ridge,nridgebe@netvibes.com,Male,21
Elga,Caldwell,ecaldwellbf@symantec.com,Female,51
Averil,Conibear,aconibearbg@example.com,Female,21
Enid,Hunston,ehunstonbh@linkedin.com,Female,88
Candida,McKeever,cmckeeverbi@dyndns.org,Female,44
Inesita,Hatley,ihatleybj@scribd.com,Female,64
Lina,Casier,lcasierbk@yellowpages.com,Female,77
Nessi,Balazot,nbalazotbl@cbsnews.com,Female,74
Fernando,Jaher,fjaherbm@e-recht24.de,Male,61
Merwin,Bernardinelli,mbernardinellibn@hibu.com,Male,98
Rem,MacCaughan,rmaccaughanbo@google.fr,Male,13
Letizia,Sheehan,lsheehanbp@shutterfly.com,Female,35
Ruthanne,Swatradge,rswatradgebq@uiuc.edu,Female,51
Bordie,Gladdor,bgladdorbr@ca.gov,Male,48
Bryon,Griston,bgristonbs@pbs.org,Male,54
Gib,Gorry,ggorrybt@wikipedia.org,Male,10
Cal,McKinna,cmckinnabu@cnbc.com,Male,56
Michele,Gilpillan,mgilpillanbv@fotki.com,Female,96
Agneta,Dorn,adornbw@hibu.com,Female,23
Annamaria,Friedman,afriedmanbx@sbwire.com,Female,37
Pam,Paddie,ppaddieby@joomla.org,Female,84
Geoffry,Carsey,gcarseybz@businessinsider.com,Male,47
Corrianne,Bondar,cbondarc0@naver.com,Female,84
Evania,Coggles,ecogglesc1@who.int,Female,69
Leslie,Simioni,lsimionic2@businessweek.com,Female,94
Gregor,Bloxland,gbloxlandc3@dailymotion.com,Male,80
Jeana,Cavell,jcavellc4@ebay.com,Female,20
Bobbye,MacRierie,bmacrieriec5@zdnet.com,Female,74
Mendie,McKechnie,mmckechniec6@networksolutions.com,Male,91
Kristen,Chastanet,kchastanetc7@people.com.cn,Female,91
Vite,Catenot,vcatenotc8@ning.com,Male,32
Oriana,Jindacek,ojindacekc9@sohu.com,Female,64
Rouvin,Pawle,rpawleca@csmonitor.com,Male,89
Chickie,Boyse,cboysecb@bandcamp.com,Male,35
Netty,Plaskitt,nplaskittcc@zdnet.com,Female,32
Tani,Jenyns,tjenynscd@chron.com,Female,64
Corie,Rigmand,crigmandce@ox.ac.uk,Female,11
Tait,Biaggi,tbiaggicf@cbsnews.com,Male,25
Dorthea,Tubby,dtubbycg@va.gov,Female,68
Alvira,Isakovitch,aisakovitchch@mac.com,Female,38
Hayley,Bilney,hbilneyci@infoseek.co.jp,Female,29
Seward,Van Arsdalen,svanarsdalencj@cornell.edu,Male,22
Ari,Thome,athomeck@mayoclinic.com,Male,88
Modestine,Milward,mmilwardcl@cbc.ca,Female,94
Alair,Hassewell,ahassewellcm@sfgate.com,Male,54
Stavro,Aldred,saldredcn@newyorker.com,Male,67
Marillin,Yanuk,myanukco@dell.com,Female,82
Bliss,Castellini,bcastellinicp@tiny.cc,Female,20
Kiri,Lawford,klawfordcq@hc360.com,Female,74
Davita,Toppas,dtoppascr@youtu.be,Female,81
Griz,Maccraw,gmaccrawcs@php.net,Male,78
Mireille,Primrose,mprimrosect@addtoany.com,Female,91
Laureen,Heinsh,lheinshcu@businessweek.com,Female,28
Rossy,Ide,ridecv@odnoklassniki.ru,Male,53
Graig,Collen,gcollencw@theatlantic.com,Male,23
Daphne,Witherdon,dwitherdoncx@com.com,Female,42
Flo,Alberts,falbertscy@sciencedaily.com,Female,37
Brena,Henzer,bhenzercz@cnet.com,Female,32
Tully,Driffe,tdriffed0@opensource.org,Male,34
Hussein,Whalebelly,hwhalebellyd1@barnesandnoble.com,Male,36
Addie,Tuffs,atuffsd2@princeton.edu,Male,40
Evanne,Trorey,etroreyd3@sfgate.com,Female,11
Van,Langshaw,vlangshawd4@yahoo.co.jp,Female,92
Conchita,Kingcote,ckingcoted5@japanpost.jp,Female,12
Orsola,Vanyutin,ovanyutind6@baidu.com,Female,11
Antony,Schuh,aschuhd7@squidoo.com,Male,100
Agosto,Watting,awattingd8@mlb.com,Male,20
Jereme,Tomkinson,jtomkinsond9@earthlink.net,Male,73
Andreas,Halesworth,ahalesworthda@alibaba.com,Male,96
Hendrika,Winskill,hwinskilldb@princeton.edu,Female,24
Rakel,Gormally,rgormallydc@domainmarket.com,Female,54
Kesley,Bosden,kbosdendd@vistaprint.com,Female,36
Janina,Peterken,jpeterkende@nyu.edu,Female,53
Susana,Spary,ssparydf@hatena.ne.jp,Female,61
Simon,Vasechkin,svasechkindg@wiley.com,Male,28
Nara,Eard,nearddh@adobe.com,Female,79
Benton,Trymme,btrymmedi@marriott.com,Male,79
Marcelle,Corbin,mcorbindj@epa.gov,Female,41
Matti,Qusklay,mqusklaydk@webmd.com,Female,60
Dennet,Catterick,dcatterickdl@canalblog.com,Male,52
Ingra,Carek,icarekdm@springer.com,Male,29
Bondy,Gaize,bgaizedn@rambler.ru,Male,47
Salmon,Webb-Bowen,swebbbowendo@oaic.gov.au,Male,86
Boote,Exrol,bexroldp@tinypic.com,Male,90
Nickie,Portis,nportisdq@surveymonkey.com,Male,86
Moyna,Windebank,mwindebankdr@woothemes.com,Female,42
Mitch,Steenson,msteensonds@newsvine.com,Male,80
Cornie,Vowels,cvowelsdt@elegantthemes.com,Male,61
Rani,Dormon,rdormondu@infoseek.co.jp,Female,90
Northrop,Pietron,npietrondv@zdnet.com,Male,91
Meredith,Beniesh,mbenieshdw@japanpost.jp,Male,53
Marne,Varley,mvarleydx@wikia.com,Female,89
Padgett,Roxburgh,proxburghdy@networksolutions.com,Male,71
Aylmar,Pohlak,apohlakdz@shareasale.com,Male,11
Emlynne,Cockland,ecocklande0@fda.gov,Female,98
Farra,Trewhella,ftrewhellae1@taobao.com,Female,45
Wallache,Cowitz,wcowitze2@pcworld.com,Male,92
Had,Dormon,hdormone3@a8.net,Male,33
Willem,Agget,waggete4@opensource.org,Male,91
Berkie,Du Hamel,bduhamele5@trellian.com,Male,50
Olly,Lindsay,olindsaye6@google.com.au,Male,55
Jolie,Bickmore,jbickmoree7@list-manage.com,Female,14
Vin,Tumini,vtuminie8@livejournal.com,Male,37
Constance,Redborn,credborne9@cbsnews.com,Female,11
Leah,Gercke,lgerckeea@1und1.de,Female,29
Loella,Tardiff,ltardiffeb@163.com,Female,15
Margie,Morstatt,mmorstattec@mail.ru,Female,60
Kikelia,Beedom,kbeedomed@acquirethisname.com,Female,55
Pattie,Galia,pgaliaee@yelp.com,Male,64
Augustine,Dillimore,adillimoreef@geocities.com,Female,67
Nicky,Hugueville,nhuguevilleeg@amazon.co.uk,Male,59
Frederica,Rehorek,frehorekeh@amazon.co.uk,Female,92
Dorey,McQuie,dmcquieei@pen.io,Female,22
Raynard,Hawkshaw,rhawkshawej@biblegateway.com,Male,51
Brew,Berford,bberfordek@tinypic.com,Male,31
Kathy,Bayles,kbaylesel@ibm.com,Female,52
Derrick,Parffrey,dparffreyem@accuweather.com,Male,95
James,Vooght,jvooghten@w3.org,Male,75
Alwyn,Bantock,abantockeo@statcounter.com,Male,64
Dorise,Faccini,dfacciniep@dot.gov,Female,80
Olympe,Tumioto,otumiotoeq@unesco.org,Female,10
Fernandina,Dikle,fdikleer@blogger.com,Female,19
Galina,Seel,gseeles@lycos.com,Female,52
Beatrice,Stigger,bstiggeret@netvibes.com,Female,72
Bastian,Willmore,bwillmoreeu@people.com.cn,Male,96
Ginger,Veldens,gveldensev@unc.edu,Male,59
Jemmie,Alexsandrovich,jalexsandrovichew@mapquest.com,Female,97
Skell,Molloy,smolloyex@wsj.com,Male,98
Verna,Milverton,vmilvertoney@bigcartel.com,Female,82
Hashim,Carlill,hcarlillez@admin.ch,Male,26
Lettie,Marran,lmarranf0@census.gov,Female,72
Jason,Glede,jgledef1@usgs.gov,Male,94
Harman,Linham,hlinhamf2@w3.org,Male,53
Sutherlan,Gonsalvez,sgonsalvezf3@huffingtonpost.com,Male,24
Jecho,Stoddard,jstoddardf4@edublogs.org,Male,86
Nigel,Mardlin,nmardlinf5@microsoft.com,Male,78
Gordon,Starzaker,gstarzakerf6@elpais.com,Male,55
Gregor,Swaddle,gswaddlef7@vk.com,Male,21
Efren,Jeremiah,ejeremiahf8@imageshack.us,Male,79
Nola,Waldocke,nwaldockef9@nhs.uk,Female,46
Stormi,Kenrick,skenrickfa@wsj.com,Female,92
Aloysius,Emberson,aembersonfb@ustream.tv,Male,22
Debera,Austick,daustickfc@yellowbook.com,Female,83
Catherine,Pidgin,cpidginfd@spiegel.de,Female,40
Joey,Vater,jvaterfe@phpbb.com,Male,24
Nariko,Iaduccelli,niaduccelliff@cocolog-nifty.com,Female,30
Ron,Ely,relyfg@irs.gov,Male,44
Keely,Marunchak,kmarunchakfh@bloomberg.com,Female,28
Simon,Aspel,saspelfi@pbs.org,Male,83
Emmalee,Risbie,erisbiefj@shutterfly.com,Female,88
Sean,Beiderbecke,sbeiderbeckefk@163.com,Male,87
Deeyn,Brannan,dbrannanfl@elegantthemes.com,Female,81
Didi,Grose,dgrosefm@blog.com,Female,78
Sabrina,Turrill,sturrillfn@google.com.br,Female,39
Kerstin,O'Lenane,kolenanefo@newyorker.com,Female,34
Wilow,Ledgister,wledgisterfp@psu.edu,Female,62
Haskel,Eastwood,heastwoodfq@wix.com,Male,36
Wells,Aggis,waggisfr@51.la,Male,67
Husein,Spaven,hspavenfs@techcrunch.com,Male,92
Avrom,Bonder,abonderft@oaic.gov.au,Male,55
Berte,Wyllis,bwyllisfu@stumbleupon.com,Female,12
Adeline,Clowton,aclowtonfv@nature.com,Female,81
Pietrek,Shoebrook,pshoebrookfw@gnu.org,Male,17
Nataniel,Durrant,ndurrantfx@bandcamp.com,Male,16
Krissie,Harrhy,kharrhyfy@joomla.org,Female,44
Jada,Lynthal,jlynthalfz@joomla.org,Female,12
Frederique,Swoffer,fswofferg0@prlog.org,Female,33
Katharyn,Waber,kwaberg1@so-net.ne.jp,Female,98
Dorey,Davern,ddaverng2@canalblog.com,Female,41
Martyn,Dumingos,mdumingosg3@google.pl,Male,48
Pier,Basili,pbasilig4@mac.com,Female,97
Nathanial,Fishburn,nfishburng5@paypal.com,Male,90
Melisent,Burren,mburreng6@opera.com,Female,82
Jake,Druitt,jdruittg7@oracle.com,Male,33
Rosabel,MacCallam,rmaccallamg8@youtu.be,Female,12
Cathleen,Everton,cevertong9@yahoo.com,Female,40
Dennison,Philippsohn,dphilippsohnga@printfriendly.com,Male,83
Liza,Flew,lflewgb@webnode.com,Female,49
Coleman,Hopfner,chopfnergc@rambler.ru,Male,64
Sophronia,McArd,smcardgd@cdc.gov,Female,99
Germana,Cadamy,gcadamyge@businesswire.com,Female,45
Andras,Clynman,aclynmangf@dailymail.co.uk,Male,84
Mariquilla,Bewfield,mbewfieldgg@163.com,Female,97
Kellia,Bumby,kbumbygh@mtv.com,Female,48
Alley,McMichael,amcmichaelgi@princeton.edu,Male,56
Gilburt,Garmey,ggarmeygj@eventbrite.com,Male,30
Lamond,Treher,ltrehergk@loc.gov,Male,27
Hartley,Cornelissen,hcornelissengl@google.com.br,Male,58
Peter,Duker,pdukergm@desdev.cn,Male,90
Odie,Euesden,oeuesdengn@github.com,Male,99
Elihu,Wynes,ewynesgo@theglobeandmail.com,Male,66
Mona,Knivett,mknivettgp@exblog.jp,Female,33
Lyle,Messenger,lmessengergq@sun.com,Male,27
Rosalinda,Fake,rfakegr@cyberchimps.com,Female,51
Tamiko,Dorey,tdoreygs@howstuffworks.com,Female,55
Orville,Ferrarini,oferrarinigt@uol.com.br,Male,24
Maegan,Lawfull,mlawfullgu@independent.co.uk,Female,75
Bertina,Annon,bannongv@digg.com,Female,14
Forbes,Mary,fmarygw@dailymail.co.uk,Male,66
Nichole,Ray,nraygx@wisc.edu,Male,97
Law,Birtonshaw,lbirtonshawgy@un.org,Male,94
Elita,Salliss,esallissgz@trellian.com,Female,70
Giavani,Cheavin,gcheavinh0@seattletimes.com,Male,62
Owen,Dilliston,odillistonh1@vistaprint.com,Male,12
Skippy,Harhoff,sharhoffh2@slideshare.net,Male,17
Yurik,Ardron,yardronh3@reuters.com,Male,34
Even,Michelet,emicheleth4@php.net,Male,56
Flossie,Ciccone,fcicconeh5@amazon.de,Female,13
Trstram,Verchambre,tverchambreh6@ucoz.ru,Male,80
Creight,Keen,ckeenh7@acquirethisname.com,Male,27
Burnaby,Skillen,bskillenh8@creativecommons.org,Male,36
Hoyt,Kearns,hkearnsh9@ebay.co.uk,Male,21
Piggy,Sinncock,psinncockha@chicagotribune.com,Male,38
Joelly,Pagden,jpagdenhb@friendfeed.com,Female,46
Henri,Maven,hmavenhc@ustream.tv,Male,94
Janith,Snoddy,jsnoddyhd@cargocollective.com,Female,93
Osmond,Ivanshintsev,oivanshintsevhe@surveymonkey.com,Male,50
Torrin,Jaslem,tjaslemhf@friendfeed.com,Male,48
Oren,Meekings,omeekingshg@ted.com,Male,56
Willa,Tyre,wtyrehh@acquirethisname.com,Female,44
Hyatt,Manketell,hmanketellhi@canalblog.com,Male,23
Madelle,Lodevick,mlodevickhj@engadget.com,Female,44
Piggy,Beckhouse,pbeckhousehk@hugedomains.com,Male,77
Jarid,Ofener,jofenerhl@parallels.com,Male,52
Rebecka,Stanway,rstanwayhm@dagondesign.com,Female,92
Gabi,Tellwright,gtellwrighthn@tinyurl.com,Female,100
Barn,Jandak,bjandakho@ox.ac.uk,Male,17
Staci,Izac,sizachp@bluehost.com,Female,97
Corey,Alflatt,calflatthq@chicagotribune.com,Female,18
Anna-diana,Pley,apleyhr@ning.com,Female,97
Stanton,Branchet,sbrancheths@de.vu,Male,41
Leshia,Boecke,lboeckeht@cnn.com,Female,65
Stephie,Vaskin,svaskinhu@yale.edu,Female,16
Kenon,Kaspar,kkasparhv@newsvine.com,Male,84
Leo,Klammt,lklammthw@sourceforge.net,Male,46
Crosby,Carslaw,ccarslawhx@ask.com,Male,36
Marjory,Warters,mwartershy@adobe.com,Female,56
Thoma,Crocket,tcrockethz@tripadvisor.com,Male,44
Hertha,Maltman,hmaltmani0@furl.net,Female,71
Hillel,Hockey,hhockeyi1@fc2.com,Male,46
Winny,Varndall,wvarndalli2@mayoclinic.com,Male,37
Powell,Chrippes,pchrippesi3@cmu.edu,Male,70
Betteanne,Hackey,bhackeyi4@forbes.com,Female,60
Maximo,Lohan,mlohani5@wunderground.com,Male,88
Ewan,Crabtree,ecrabtreei6@github.io,Male,91
Tracy,Walsh,twalshi7@msu.edu,Female,44
Moshe,Gisbye,mgisbyei8@slashdot.org,Male,38
Tades,Rodson,trodsoni9@nasa.gov,Male,96
Bertie,Davydzenko,bdavydzenkoia@vimeo.com,Female,87
Lib,Harburtson,lharburtsonib@yandex.ru,Female,92
Orrin,Ruckhard,oruckhardic@guardian.co.uk,Male,41
Wendye,Wilfling,wwilflingid@wsj.com,Female,38
Elita,Mowne,emowneie@jiathis.com,Female,59
Wood,Busson,wbussonif@china.com.cn,Male,48
Crystie,Rens,crensig@vkontakte.ru,Female,78
Edy,Stuckley,estuckleyih@mapquest.com,Female,20
Jorge,Duffit,jduffitii@narod.ru,Male,63
Alexandro,Brymham,abrymhamij@multiply.com,Male,70
Louisette,McKeurtan,lmckeurtanik@free.fr,Female,70
Feliks,Ygo,fygoil@wunderground.com,Male,76
Boony,Ferroli,bferroliim@ameblo.jp,Male,41
Tabbi,Elsworth,telsworthin@exblog.jp,Female,33
Hubie,Jancar,hjancario@topsy.com,Male,43
Benyamin,Bertwistle,bbertwistleip@spotify.com,Male,42
Marris,Crumbleholme,mcrumbleholmeiq@noaa.gov,Female,11
Devland,Ferrie,dferrieir@yahoo.co.jp,Male,46
Bessie,Beagley,bbeagleyis@deviantart.com,Female,46
Shaw,Ewin,sewinit@tmall.com,Male,84
Ahmad,Pogue,apogueiu@unicef.org,Male,65
Fanechka,Schaben,fschabeniv@zdnet.com,Female,67
Dougy,Binder,dbinderiw@census.gov,Male,96
Julee,Roycroft,jroycroftix@surveymonkey.com,Female,23
Trey,Gercken,tgerckeniy@bloglines.com,Male,30
Cortie,Carnduff,ccarnduffiz@godaddy.com,Male,48
Cherise,Pea,cpeaj0@i2i.jp,Female,91
Chicky,Widger,cwidgerj1@nba.com,Female,55
George,Morot,gmorotj2@miitbeian.gov.cn,Female,19
Inesita,McCrachen,imccrachenj3@omniture.com,Female,46
Stanislaus,Luten,slutenj4@eventbrite.com,Male,13
Kinna,Hoyland,khoylandj5@bing.com,Female,90
Dori,Johnston,djohnstonj6@vistaprint.com,Female,23
Weider,Hindenberger,whindenbergerj7@si.edu,Male,80
Misti,Philliskirk,mphilliskirkj8@bbb.org,Female,97
Emelyne,Sutherley,esutherleyj9@vistaprint.com,Female,58
Zsazsa,Allison,zallisonja@meetup.com,Female,14
Berkley,Lewinton,blewintonjb@webmd.com,Male,15
Mahalia,Freed,mfreedjc@nps.gov,Female,72
Foss,Cafferky,fcafferkyjd@hostgator.com,Male,12
Mechelle,Agastina,magastinaje@google.nl,Female,17
Hildegaard,Houlston,hhoulstonjf@mozilla.com,Female,48
Elliot,Andreix,eandreixjg@admin.ch,Male,99
Pat,Hutcheon,phutcheonjh@uiuc.edu,Female,86
Martelle,Giraldon,mgiraldonji@canalblog.com,Female,50
Cello,MacAdam,cmacadamjj@google.es,Male,31
Rahal,Beeden,rbeedenjk@tamu.edu,Female,71
Danyelle,Gaukroger,dgaukrogerjl@yandex.ru,Female,62
Graham,Harback,gharbackjm@pen.io,Male,30
Morse,Remer,mremerjn@opera.com,Male,40
Kim,Dryden,kdrydenjo@tinypic.com,Female,95
Giavani,Mackie,gmackiejp@merriam-webster.com,Male,59
Edgar,Blaxton,eblaxtonjq@elegantthemes.com,Male,69
Nichol,Kermeen,nkermeenjr@wikispaces.com,Female,84
Cirilo,Eisikowitch,ceisikowitchjs@skyrock.com,Male,75
Wildon,Jirusek,wjirusekjt@newyorker.com,Male,12
Durant,Spavon,dspavonju@cafepress.com,Male,89
Yvonne,Domniney,ydomnineyjv@economist.com,Female,32
Steffen,Corneljes,scorneljesjw@usgs.gov,Male,58
Dania,Matei,dmateijx@uiuc.edu,Female,46
Karalee,Tavner,ktavnerjy@census.gov,Female,24
Colan,Peacock,cpeacockjz@wp.com,Male,28
Rudd,Gilphillan,rgilphillank0@princeton.edu,Male,88
Forest,Aizikowitz,faizikowitzk1@hc360.com,Male,32
Clevey,Guyonneau,cguyonneauk2@nhs.uk,Male,42
Trudey,Moorhouse,tmoorhousek3@examiner.com,Female,65
Coralie,Clipston,cclipstonk4@oakley.com,Female,74
Jereme,Cromly,jcromlyk5@twitpic.com,Male,21
Aviva,Rutherforth,arutherforthk6@boston.com,Female,69
Hamnet,Danielkiewicz,hdanielkiewiczk7@dion.ne.jp,Male,99
Daryl,Tommasi,dtommasik8@weebly.com,Female,20
Ganny,Holme,gholmek9@umn.edu,Male,11
Donal,Kloster,dklosterka@bbb.org,Male,73
Kathrine,Martinez,kmartinezkb@shinystat.com,Female,38
Bobinette,Lammertz,blammertzkc@springer.com,Female,50
Elbert,Vanes,evaneskd@chicagotribune.com,Male,42
Curran,Cope,ccopeke@digg.com,Male,11
Jamill,Kirley,jkirleykf@tinyurl.com,Male,79
Hinda,Abreheart,habreheartkg@multiply.com,Female,52
Shannen,Fawcett,sfawcettkh@bbb.org,Female,10
Duff,Tunnoch,dtunnochki@arizona.edu,Male,63
Burt,Davsley,bdavsleykj@utexas.edu,Male,59
Dorothee,Potteril,dpotterilkk@google.com.br,Female,58
Leia,Wrack,lwrackkl@squidoo.com,Female,99
Jeremy,Spradbrow,jspradbrowkm@nhs.uk,Male,30
Terri,Delap,tdelapkn@woothemes.com,Female,75
Garek,Rountree,grountreeko@friendfeed.com,Male,71
Rodolfo,Carik,rcarikkp@livejournal.com,Male,66
Basilio,Dolder,bdolderkq@woothemes.com,Male,64
Kele,Arend,karendkr@umn.edu,Male,26
Giacinta,Jefferd,gjefferdks@vimeo.com,Female,72
Nickolaus,de Broke,ndebrokekt@gnu.org,Male,12
Dorry,Hurdman,dhurdmanku@examiner.com,Female,70
Klarika,Lygo,klygokv@archive.org,Female,92
Cyndy,Labrone,clabronekw@over-blog.com,Female,21
Rowan,Cossans,rcossanskx@miitbeian.gov.cn,Male,99
Kayla,Gilfillan,kgilfillanky@illinois.edu,Female,82
Percy,Mesant,pmesantkz@pbs.org,Male,97
Hermione,Corbitt,hcorbittl0@free.fr,Female,42
Yurik,Willshire,ywillshirel1@meetup.com,Male,31
Morena,Brimming,mbrimmingl2@washingtonpost.com,Female,95
Moritz,Signe,msignel3@bravesites.com,Male,55
Gaby,Lowdes,glowdesl4@bigcartel.com,Male,54
Bambi,Rickwood,brickwoodl5@businesswire.com,Female,88
Hailey,Jumeau,hjumeaul6@google.fr,Male,72
Norina,Von Der Empten,nvonderemptenl7@w3.org,Female,49
Lou,Bremeyer,lbremeyerl8@free.fr,Female,12
Ruggiero,Geggus,rgeggusl9@liveinternet.ru,Male,17
Rudiger,Angrock,rangrockla@artisteer.com,Male,79
Mariele,Pedro,mpedrolb@purevolume.com,Female,60
Janessa,Tierny,jtiernylc@cargocollective.com,Female,24
Richart,Barenskie,rbarenskield@huffingtonpost.com,Male,46
Karlee,Thing,kthingle@indiatimes.com,Female,78
Tonie,Haversum,thaversumlf@reverbnation.com,Female,37
Irving,Bellingham,ibellinghamlg@msn.com,Male,20
Ardeen,Aiton,aaitonlh@cargocollective.com,Female,93
Milzie,Studde,mstuddeli@army.mil,Female,28
Luis,Horche,lhorchelj@constantcontact.com,Male,65
Maximilien,Burleigh,mburleighlk@feedburner.com,Male,50
Gisella,Cayette,gcayettell@narod.ru,Female,21
Alphonso,Dzenisenka,adzenisenkalm@nasa.gov,Male,34
Hersh,Learoid,hlearoidln@statcounter.com,Male,31
Sam,Vales,svaleslo@bluehost.com,Male,99
Wanda,Ley,wleylp@yahoo.com,Female,38
Adlai,Burbudge,aburbudgelq@technorati.com,Male,24
Tiebout,Rosbotham,trosbothamlr@virginia.edu,Male,54
Lin,Adney,ladneyls@hibu.com,Female,59
Carlene,Perotti,cperottilt@reuters.com,Female,96
Peterus,McFater,pmcfaterlu@arizona.edu,Male,42
Amos,Gallone,agallonelv@nhs.uk,Male,69
Danya,Yuryev,dyuryevlw@blog.com,Female,43
Frans,Cavolini,fcavolinilx@sourceforge.net,Male,74
Helenelizabeth,Showte,hshowtely@senate.gov,Female,16
Letizia,aManger,lamangerlz@purevolume.com,Female,54
Emmet,Jennens,ejennensm0@nydailynews.com,Male,43
Leonhard,Bevington,lbevingtonm1@artisteer.com,Male,12
Hector,Adhams,hadhamsm2@ebay.co.uk,Male,86
Kincaid,Piborn,kpibornm3@tamu.edu,Male,69
Dulsea,Lamond,dlamondm4@clickbank.net,Female,90
Chilton,Beesey,cbeeseym5@unicef.org,Male,81
Devlin,Mordue,dmorduem6@delicious.com,Male,79
Gustave,Toby,gtobym7@naver.com,Male,87
Petey,Timberlake,ptimberlakem8@webmd.com,Male,91
Louie,Denacamp,ldenacampm9@a8.net,Male,16
Barrie,Jayme,bjaymema@wisc.edu,Male,10
Jacquelin,Glowach,jglowachmb@engadget.com,Female,51
Sterling,Ruckhard,sruckhardmc@reverbnation.com,Male,85
Jacob,Heijnen,jheijnenmd@go.com,Male,66
Onfroi,Puddin,opuddinme@bbc.co.uk,Male,54
Laraine,Bleakman,lbleakmanmf@wiley.com,Female,34
Cynthie,Chevers,ccheversmg@homestead.com,Female,45
Thatcher,Laurant,tlaurantmh@abc.net.au,Male,93
Mirabelle,Melia,mmeliami@people.com.cn,Female,90
Meade,Fairlamb,mfairlambmj@msu.edu,Male,75
Berkeley,Rubenovic,brubenovicmk@bbb.org,Male,96
Haslett,Cubin,hcubinml@fema.gov,Male,26
Doyle,Pringley,dpringleymm@sakura.ne.jp,Male,60
Shena,Darington,sdaringtonmn@linkedin.com,Female,57
Roby,Hughland,rhughlandmo@trellian.com,Female,69
Godwin,Caldwell,gcaldwellmp@twitpic.com,Male,15
Lina,Tollerton,ltollertonmq@hibu.com,Female,88
Piggy,McCartan,pmccartanmr@geocities.com,Male,26
Marlene,Lattimer,mlattimerms@disqus.com,Female,72
Alena,Hryniewicz,ahryniewiczmt@4shared.com,Female,13
Milty,McGiffie,mmcgiffiemu@blinklist.com,Male,98
Beale,Mandrey,bmandreymv@goodreads.com,Male,57
Cly,Sayward,csaywardmw@buzzfeed.com,Male,66
Coletta,Leadstone,cleadstonemx@toplist.cz,Female,63
Sherline,Waylen,swaylenmy@mashable.com,Female,34
Arlen,Stansell,astansellmz@cdbaby.com,Female,70
Clarke,Fleote,cfleoten0@barnesandnoble.com,Male,75
Marshall,Hazlegrove,mhazlegroven1@clickbank.net,Male,100
Ogdan,Doodney,odoodneyn2@plala.or.jp,Male,19
Cal,Sackey,csackeyn3@howstuffworks.com,Female,92
Amery,Iley,aileyn4@indiegogo.com,Male,35
Melicent,Leverage,mleveragen5@dell.com,Female,89
Margaret,Domingues,mdominguesn6@columbia.edu,Female,12
Hi,Storah,hstorahn7@360.cn,Male,31
Hally,Skip,hskipn8@unicef.org,Female,16
Jarid,Perel,jpereln9@1688.com,Male,44
Lonni,Reap,lreapna@youtu.be,Female,70
Emily,Aucourte,eaucourtenb@usa.gov,Female,39
Ediva,Guirau,eguiraunc@purevolume.com,Female,100
Any,Lamplough,alamploughnd@theatlantic.com,Male,25
Caesar,Risen,crisenne@ow.ly,Male,84
Arnie,Geydon,ageydonnf@yellowpages.com,Male,14
Dav,Sobey,dsobeyng@bloomberg.com,Male,15
Elladine,Gloves,eglovesnh@ustream.tv,Female,53
Mathias,Hush,mhushni@samsung.com,Male,71
Lamar,Grigorey,lgrigoreynj@delicious.com,Male,96
Henriette,Andreone,handreonenk@whitehouse.gov,Female,90
Early,Garnett,egarnettnl@imageshack.us,Male,76
Marcus,Maris,mmarisnm@sina.com.cn,Male,27
Henriette,Rowe,hrowenn@4shared.com,Female,96
Madelyn,Otham,mothamno@craigslist.org,Female,50
Carlee,Springett,cspringettnp@simplemachines.org,Female,70
Bond,Olliff,bolliffnq@usnews.com,Male,72
Nobe,Birrane,nbirranenr@meetup.com,Male,89
Hussein,Nannini,hnanninins@washington.edu,Male,60
Ealasaid,Garron,egarronnt@weather.com,Female,61
Krispin,Aughtie,kaughtienu@loc.gov,Male,16
Bernice,Elener,belenernv@youtu.be,Female,55
Hugues,Gittose,hgittosenw@feedburner.com,Male,90
Lombard,Ostrich,lostrichnx@deviantart.com,Male,62
Darci,Conner,dconnerny@twitter.com,Female,37
Tamarah,Lumox,tlumoxnz@theguardian.com,Female,27
Sybilla,Godly,sgodlyo0@yellowpages.com,Female,95
Mannie,Tudge,mtudgeo1@loc.gov,Male,25
Rodge,Sybry,rsybryo2@github.io,Male,75
Abagael,Skures,askureso3@huffingtonpost.com,Female,29
Udale,Salway,usalwayo4@foxnews.com,Male,58
Eadmund,Hedney,ehedneyo5@sfgate.com,Male,71
Gallagher,Flintoff,gflintoffo6@clickbank.net,Male,50
Michelina,Surtees,msurteeso7@google.cn,Female,55
Daune,Foldes,dfoldeso8@creativecommons.org,Female,99
Read,Houlaghan,rhoulaghano9@cnbc.com,Male,37
Solly,Floyde,sfloydeoa@guardian.co.uk,Male,92
Saraann,Pollastro,spollastroob@opensource.org,Female,76
Vonny,Coney,vconeyoc@creativecommons.org,Female,52
Arielle,Prescote,aprescoteod@google.co.jp,Female,43
Winny,Goulter,wgoulteroe@nhs.uk,Male,69
Jude,Royans,jroyansof@slate.com,Male,33
Kevina,Arnow,karnowog@pbs.org,Female,94
Waldon,Brownstein,wbrownsteinoh@timesonline.co.uk,Male,92
Wandis,Dinnage,wdinnageoi@psu.edu,Female,25
Ceil,Pyett,cpyettoj@princeton.edu,Female,50
Evaleen,Nanson,enansonok@nsw.gov.au,Female,43
Emmet,Lawlie,elawlieol@walmart.com,Male,75
Beck,Stinton,bstintonom@odnoklassniki.ru,Male,86
Torre,Cristoforo,tcristoforoon@blinklist.com,Male,31
Bax,Waddingham,bwaddinghamoo@amazon.co.jp,Male,72
Bernadene,Dawks,bdawksop@imdb.com,Female,92
Kennith,Kasher,kkasheroq@biblegateway.com,Male,19
Saloma,Durban,sdurbanor@mapy.cz,Female,71
Marco,Glinde,mglindeos@about.com,Male,36
Keen,Eilhart,keilhartot@live.com,Male,59
Dulcia,Everwin,deverwinou@hao123.com,Female,10
Atalanta,Wooland,awoolandov@patch.com,Female,55
Clemmie,Mugg,cmuggow@dot.gov,Male,53
Peadar,Ribou,pribouox@webs.com,Male,51
Dedie,Bedwell,dbedwelloy@geocities.jp,Female,27
Stanfield,Fuzzey,sfuzzeyoz@free.fr,Male,100
Timmie,Craddock,tcraddockp0@ucoz.com,Male,47
Ebeneser,Drinkale,edrinkalep1@acquirethisname.com,Male,23
Allina,Redgewell,aredgewellp2@linkedin.com,Female,87
Son,Blincoe,sblincoep3@fda.gov,Male,12
Julianna,Kuhlen,jkuhlenp4@goo.ne.jp,Female,86
Killie,Bediss,kbedissp5@spotify.com,Male,88
Cecilius,Phalp,cphalpp6@51.la,Male,71
Baillie,Arnatt,barnattp7@quantcast.com,Male,56
Xavier,Peidro,xpeidrop8@t.co,Male,90
Nanni,Simioli,nsimiolip9@scribd.com,Female,19
Kristo,Medcalfe,kmedcalfepa@vk.com,Male,95
Melodie,Ferrer,mferrerpb@sitemeter.com,Female,29
Dorelia,Roots,drootspc@mtv.com,Female,80
Dill,Bolam,dbolampd@t-online.de,Male,74
Orton,Bazley,obazleype@taobao.com,Male,96
Vivianne,Littrick,vlittrickpf@freewebs.com,Female,22
Ryley,Scotland,rscotlandpg@infoseek.co.jp,Male,26
Lissi,Shorto,lshortoph@dell.com,Female,94
Marwin,Claiton,mclaitonpi@canalblog.com,Male,81
Carce,Ruspine,cruspinepj@nbcnews.com,Male,80
Frank,Rubert,frubertpk@wiley.com,Male,70
Adolf,Figgen,afiggenpl@dailymotion.com,Male,92
Sigvard,Ahrend,sahrendpm@marriott.com,Male,44
Diannne,Kitchenside,dkitchensidepn@printfriendly.com,Female,50
Keefer,Bloxham,kbloxhampo@goodreads.com,Male,43
Corinna,MacCague,cmaccaguepp@miitbeian.gov.cn,Female,46
Morten,Olivetti,molivettipq@dagondesign.com,Male,60
Chip,Chilcott,cchilcottpr@amazon.co.uk,Male,29
Rollo,Carbett,rcarbettps@seesaa.net,Male,90
Felicity,Ruddoch,fruddochpt@google.com.hk,Female,32
Louise,Latour,llatourpu@google.com,Female,74
Conrad,Fanning,cfanningpv@bloglovin.com,Male,48
Del,Elbourne,delbournepw@hostgator.com,Male,100
Jonathon,Trewman,jtrewmanpx@wix.com,Male,82
Basilius,Ellin,bellinpy@flavors.me,Male,85
Seamus,Haliburton,shaliburtonpz@scientificamerican.com,Male,96
Aleta,Knapp,aknappq0@histats.com,Female,93
Roxine,Fenty,rfentyq1@shutterfly.com,Female,13
Hewet,Pottinger,hpottingerq2@japanpost.jp,Male,83
Spence,Scad,sscadq3@wufoo.com,Male,60
Royal,Nendick,rnendickq4@si.edu,Male,66
Norman,Geaney,ngeaneyq5@nps.gov,Male,56
Biron,Gelland,bgellandq6@salon.com,Male,29
Elwira,Riba,eribaq7@bbb.org,Female,23
Wendye,Winsbury,wwinsburyq8@arizona.edu,Female,62
Charin,Gipson,cgipsonq9@artisteer.com,Female,73
Gilbert,McVeagh,gmcveaghqa@msu.edu,Male,21
Anestassia,Penhearow,apenhearowqb@a8.net,Female,29
Roda,Foxton,rfoxtonqc@1688.com,Female,89
Archibold,M'Chirrie,amchirrieqd@google.co.jp,Male,78
Kellen,Hanse,khanseqe@etsy.com,Female,45
Kleon,McKee,kmckeeqf@msn.com,Male,65
Andres,Lehrian,alehrianqg@seesaa.net,Male,48
Arv,Pickworth,apickworthqh@eepurl.com,Male,87
Melody,Saladino,msaladinoqi@timesonline.co.uk,Female,99
Maye,Caygill,mcaygillqj@nih.gov,Female,10
Jamima,Pembry,jpembryqk@friendfeed.com,Female,12
Abbie,Vida,avidaql@mac.com,Female,56
Ilyse,Crooks,icrooksqm@opera.com,Female,33
Sherwynd,Hawken,shawkenqn@t-online.de,Male,67
Willdon,Hughes,whughesqo@geocities.com,Male,46
Kassia,Henzley,khenzleyqp@cbsnews.com,Female,94
Earl,Sabbins,esabbinsqq@creativecommons.org,Male,95
Moise,Vowels,mvowelsqr@google.com,Male,20
Wald,Kettlesing,wkettlesingqs@tinyurl.com,Male,40
Annie,Ouslem,aouslemqt@fastcompany.com,Female,51
Sammie,Sired,ssiredqu@bigcartel.com,Male,63
Gale,Maginn,gmaginnqv@sourceforge.net,Male,53
Clair,Kenninghan,ckenninghanqw@people.com.cn,Male,49
Wolfy,Iiannoni,wiiannoniqx@businesswire.com,Male,33
Massimo,Mandre,mmandreqy@multiply.com,Male,24
Engracia,Andrivot,eandrivotqz@elpais.com,Female,86
Ariela,Dawes,adawesr0@un.org,Female,40
Zitella,Zisneros,zzisnerosr1@abc.net.au,Female,83
Wash,Fortey,wforteyr2@unc.edu,Male,20
Markos,Degg,mdeggr3@xing.com,Male,99
Denyse,Kurt,dkurtr4@ucoz.com,Female,59
Willem,Girone,wgironer5@nba.com,Male,64
Daven,Patriche,dpatricher6@salon.com,Male,61
Wilbur,Leaf,wleafr7@examiner.com,Male,26
Ashlen,Seiler,aseilerr8@is.gd,Female,47
Rebekah,Kik,rkikr9@liveinternet.ru,Female,100
Aline,Ambroziak,aambroziakra@nhs.uk,Female,22
Zechariah,Kobierra,zkobierrarb@hao123.com,Male,72
Dani,Merrigans,dmerrigansrc@dailymail.co.uk,Female,26
Crissy,Woodberry,cwoodberryrd@omniture.com,Female,90
Hilly,Letford,hletfordre@mediafire.com,Male,78
Sandye,Cloutt,sclouttrf@digg.com,Female,10
Gavin,Foxall,gfoxallrg@wufoo.com,Male,82
Flemming,Povele,fpovelerh@booking.com,Male,99
Sunny,Hawford,shawfordri@example.com,Male,27
Madelin,Goward,mgowardrj@sciencedirect.com,Female,20
Earlie,Antonsson,eantonssonrk@dedecms.com,Male,81
Richmond,Douberday,rdouberdayrl@joomla.org,Male,36
Romonda,Maltby,rmaltbyrm@ted.com,Female,42
Misha,Farlow,mfarlowrn@hp.com,Female,89
Alfi,Parell,aparellro@parallels.com,Female,23
Woodman,Garlick,wgarlickrp@sfgate.com,Male,37
Nolana,Sallinger,nsallingerrq@eventbrite.com,Female,71
Bobbette,Muschette,bmuschetterr@smh.com.au,Female,7
